<?xml version="1.0" encoding="UTF-8"?>
<project-private xmlns="http://www.netbeans.org/ns/project-private/1">
    <editor-bookmarks xmlns="http://www.netbeans.org/ns/editor-bookmarks/2" lastBookmarkId="0"/>
    <open-files xmlns="http://www.netbeans.org/ns/projectui-open-files/2">
        <group>
            <file>file:/C:/Users/juanm/OneDrive/Documentos/NetBeansProjects/VentasEmpresa/src/ventasempresa/Contabilidad.java</file>
            <file>file:/C:/Users/juanm/OneDrive/Documentos/NetBeansProjects/VentasEmpresa/src/ventasempresa/Procedimientos.java</file>
            <file>file:/C:/Users/juanm/OneDrive/Documentos/NetBeansProjects/VentasEmpresa/src/ventasempresa/VentasEmpresa.java</file>
        </group>
    </open-files>
</project-private>
